Title,Ticker,Date,Provider,Article URL
Cisco’s New AI Push And Partnerships Weigh On Stock Valuation Story,HCLTECH.NS,2026-02-18T02:12:23Z,Simply Wall St.,https://finance.yahoo.com/news/cisco-ai-push-partnerships-weigh-021223860.html
"Indian IT stocks hit near 10-month low on AI disruption fears, fading Fed rate cut hopes",HCLTECH.NS,2026-02-12T08:55:44Z,Reuters,https://finance.yahoo.com/news/indian-stocks-slide-over-4-043334422.html
"US software stocks slammed on mounting fears over AI disruption, lose $1 trillion in week",HCLTECH.NS,2026-02-05T12:15:36Z,Reuters,https://finance.yahoo.com/news/us-software-stocks-stabilize-bruising-121536263.html
Here Are the Global IT and Data Stocks Swept Up in the AI Selloff,HCLTECH.NS,2026-02-04T12:15:32Z,The Wall Street Journal,
Western Union (WU) Valuation In Focus As Earnings Expectations And New Hyderabad AI Center Reshape The Story,HCLTECH.NS,2026-02-04T06:13:36Z,Simply Wall St.,https://finance.yahoo.com/news/western-union-wu-valuation-focus-061336365.html
"Non-US Markets Are Ripping, and These 3 ETFs Are The Best Way To Ride The Boom",HDFCBANK.NS,2026-03-20T12:06:10Z,24/7 Wall St.,https://finance.yahoo.com/markets/world-indices/articles/non-us-markets-ripping-3-120610240.html
Amazon Pay expands vehicle insurance offerings in India,HDFCBANK.NS,2026-03-20T08:49:14Z,Life Insurance International,https://finance.yahoo.com/sectors/healthcare/articles/amazon-pay-expands-vehicle-insurance-084914642.html
Financial Services Roundup: Market Talk,HDFCBANK.NS,2026-03-19T21:00:00Z,The Wall Street Journal,
Factbox-Past compliance issues at India's HDFC Bank,HDFCBANK.NS,2026-03-19T08:52:38Z,Reuters,https://finance.yahoo.com/news/factbox-past-compliance-issues-indias-085238458.html
India's HDFC Bank says chairman exit may be over rift with management; stock falls,HDFCBANK.NS,2026-03-19T07:00:48Z,Reuters,https://finance.yahoo.com/news/indias-hdfc-bank-says-chairman-070048680.html
Asian Equities Traded in the US as American Depositary Receipts Fall Sharply in Friday Trading; Down 3.5% for Week,ICICIBANK.NS,2026-03-20T14:57:24Z,MT Newswires,https://finance.yahoo.com/markets/world-indices/articles/asian-equities-traded-us-american-145724031.html
Amazon Pay expands vehicle insurance offerings in India,ICICIBANK.NS,2026-03-20T08:49:14Z,Life Insurance International,https://finance.yahoo.com/sectors/healthcare/articles/amazon-pay-expands-vehicle-insurance-084914642.html
Asian Equities Traded in the US as American Depositary Receipts Tumble in Thursday Trading,ICICIBANK.NS,2026-03-19T14:52:48Z,MT Newswires,https://finance.yahoo.com/markets/world-indices/articles/asian-equities-traded-us-american-145248224.html
Prudential Public H2 Earnings Call Highlights,ICICIBANK.NS,2026-03-19T00:11:13Z,MarketBeat,https://finance.yahoo.com/markets/stocks/articles/prudential-public-h2-earnings-call-001113376.html
Asian Equities Traded in the US as American Depositary Receipts Rise in Monday Trading,ICICIBANK.NS,2026-03-16T14:53:58Z,MT Newswires,https://finance.yahoo.com/news/asian-equities-traded-us-american-145358892.html
Asian Equities Traded in the US as American Depositary Receipts Fall Sharply in Friday Trading; Down 3.5% for Week,INFY.NS,2026-03-20T14:57:24Z,MT Newswires,https://finance.yahoo.com/markets/world-indices/articles/asian-equities-traded-us-american-145724031.html
Asian Equities Traded in the US as American Depositary Receipts Tumble in Thursday Trading,INFY.NS,2026-03-19T14:52:48Z,MT Newswires,https://finance.yahoo.com/markets/world-indices/articles/asian-equities-traded-us-american-145248224.html
Infosys (INFY) Collaborates with Incora to Modernize Global Supply Chain with AI,INFY.NS,2026-03-18T20:26:53Z,Insider Monkey,https://finance.yahoo.com/news/infosys-infy-collaborates-incora-modernize-202653239.html
Asian Equities Traded in the US as American Depositary Receipts Edge Lower in Wednesday Trading,INFY.NS,2026-03-18T14:40:01Z,MT Newswires,https://finance.yahoo.com/news/asian-equities-traded-us-american-144001210.html
Bernstein: Human oversight remains critical despite rapid AI coding integration,INFY.NS,2026-03-14T05:08:15Z,Investing.com,https://finance.yahoo.com/news/bernstein-human-oversight-remains-critical-050815868.html
India's SBI Funds Management files for IPO,SBIN.NS,2026-03-19T14:32:46Z,Reuters,https://finance.yahoo.com/news/indias-sbi-funds-management-files-143246943.html
XRP Crypto Treasury Firm Evernorth Files S-4 for $1 Billion SPAC Deal,SBIN.NS,2026-03-19T12:21:07Z,Cryptonews,https://finance.yahoo.com/markets/crypto/articles/xrp-crypto-treasury-firm-evernorth-122107802.html
Why the BlockFills Bankruptcy Probably Won’t Lead to Market Contagion,SBIN.NS,2026-03-18T20:40:34Z,Blockspace,https://finance.yahoo.com/video/why-blockfills-bankruptcy-probably-won-204034484.html
Crypto Firm Abra to Go Public on Nasdaq in $750 Million SPAC Deal,SBIN.NS,2026-03-16T16:18:55Z,decrypt,https://finance.yahoo.com/news/crypto-firm-abra-public-nasdaq-161855914.html
"State Bank of India to tap infrastructure bonds after a 16-month hiatus, bankers say",SBIN.NS,2026-03-10T10:58:37Z,Reuters,https://finance.yahoo.com/news/state-bank-india-tap-infrastructure-105837356.html
Bernstein: Human oversight remains critical despite rapid AI coding integration,TCS.NS,2026-03-14T05:08:15Z,Investing.com,https://finance.yahoo.com/news/bernstein-human-oversight-remains-critical-050815868.html
PayPal Joins Forces With TCS Blockchain for Faster Invoice Settlements,TCS.NS,2026-03-04T17:41:00Z,Zacks,https://finance.yahoo.com/news/paypal-joins-forces-tcs-blockchain-174100655.html
"India's TCS urging staff to use AI despite risk to revenue, CEO says",TCS.NS,2026-02-25T08:21:26Z,Reuters,https://finance.yahoo.com/news/indias-tcs-urging-staff-ai-082126574.html
ServiceNow AI Push Deepens Enterprise Role With Deals And Insider Buying,TCS.NS,2026-02-25T03:15:06Z,Simply Wall St.,https://finance.yahoo.com/news/servicenow-ai-push-deepens-enterprise-031506462.html
"India's Tata Sons delays chairman decision after clash with charity arm, source says",TCS.NS,2026-02-24T13:51:54Z,Reuters,https://finance.yahoo.com/news/indias-tata-group-chair-chandrasekaran-100943185.html
